,City,Cloudiness,Country,Date,Humidity,Lat,Lng,Max Temp,Wind Speed
0,bereznik,61,RU,1587179963,97,62.86,42.71,29.37,4.23
1,davydivka,38,UA,1587179963,10,48.12,25.56,48.99,3.98
2,albany,100,US,1587179759,79,42.6,-73.97,37.0,3.87
3,birjand,40,IR,1587179963,54,32.87,59.22,53.6,16.11
4,surt,0,LY,1587179964,76,31.21,16.59,59.22,5.41
5,nikolskoye,75,RU,1587179700,89,59.7,30.79,37.4,13.42
6,deszk,30,HU,1587179964,56,46.22,20.24,51.01,5.79
7,hermanus,84,ZA,1587179964,77,-34.42,19.23,57.99,5.01
8,ushuaia,40,AR,1587179672,61,-54.8,-68.3,48.2,8.05
9,atuona,84,PF,1587179964,75,-9.8,-139.03,82.35,13.06
10,jamestown,90,US,1587179717,84,42.1,-79.24,33.01,4.7
11,bredasdorp,100,ZA,1587179844,87,-34.53,20.04,57.99,4.7
12,kismayo,100,SO,1587179964,77,-0.36,42.55,82.76,8.97
13,rikitea,1,PF,1587179964,63,-23.12,-134.97,77.36,1.99
14,saint-philippe,38,RE,1587179965,73,-21.36,55.77,73.4,10.29
15,georgetown,20,MY,1587179965,79,5.41,100.34,89.6,4.7
16,torbay,75,CA,1587179734,63,47.67,-52.73,30.99,10.29
17,puerto ayora,82,EC,1587179965,93,-0.74,-90.35,75.99,1.01
18,mantua,28,IT,1587179965,85,45.17,10.78,48.0,2.53
19,norman wells,90,CA,1587179965,60,65.28,-126.83,39.2,2.24
20,avarua,10,CK,1587179965,69,-21.21,-159.78,80.6,4.7
21,fortuna,1,US,1587179965,93,40.6,-124.16,55.0,5.82
22,ribeira grande,67,PT,1587179966,80,38.52,-28.7,60.24,12.75
23,hasaki,75,JP,1587179966,100,35.73,140.83,57.99,27.51
24,busselton,98,AU,1587179668,37,-33.65,115.33,75.0,7.09
25,margate,99,GB,1587179966,96,51.38,1.39,48.0,5.99
26,xinyang,100,CN,1587179900,72,32.12,114.07,56.55,12.46
27,upernavik,98,GL,1587179966,90,72.79,-56.15,21.58,4.09
28,baikunthpur,0,IN,1587179966,15,23.25,82.55,92.98,1.77
29,atasu,91,KZ,1587179966,38,48.68,71.64,53.76,8.01
30,ihosy,47,MG,1587179966,72,-22.4,46.12,62.8,7.94
31,pisco,3,PE,1587179967,77,-13.7,-76.22,71.01,11.41
32,christchurch,2,NZ,1587179753,40,-43.53,172.63,69.01,12.75
33,kapaa,1,US,1587179967,65,22.08,-159.32,80.6,12.75
34,la ronge,75,CA,1587179967,74,55.1,-105.28,37.4,13.87
35,panji,56,ID,1587179967,70,-7.73,114.1,85.14,4.94
36,kaitangata,96,NZ,1587179676,78,-46.28,169.85,55.99,17.0
37,tukrah,1,LY,1587179967,82,32.53,20.58,55.47,6.85
38,paso de carrasco,20,UY,1587179967,87,-34.86,-56.05,60.8,8.05
39,haines junction,97,CA,1587179968,60,60.75,-137.51,41.31,1.34
40,hobart,40,AU,1587179703,47,-42.88,147.33,55.99,10.29
41,tuktoyaktuk,90,CA,1587179781,92,69.45,-133.04,14.0,12.75
42,sao miguel do araguaia,17,BR,1587179968,83,-13.28,-50.16,72.28,1.99
43,kenai,90,US,1587179968,70,60.55,-151.26,46.4,3.36
44,kaisiadorys,0,LT,1587179968,92,54.87,24.45,32.0,8.05
45,plainview,90,US,1587179968,75,40.78,-73.47,46.99,4.7
46,mar del plata,0,AR,1587179969,87,-38.0,-57.56,61.0,9.17
47,mataura,35,NZ,1587179969,51,-46.19,168.86,60.01,8.99
48,vityazevo,72,RU,1587179969,86,44.99,37.27,39.2,6.71
49,xuddur,24,SO,1587179969,73,4.12,43.89,74.88,11.21
50,berbera,97,SO,1587179969,76,10.44,45.01,83.98,7.94
51,esperance,90,AU,1587179969,36,-33.87,121.9,77.0,19.46
52,hithadhoo,10,MV,1587179969,79,-0.6,73.08,83.88,14.45
53,sao filipe,0,CV,1587179969,76,14.9,-24.5,70.12,18.5
54,punta arenas,14,CL,1587179764,75,-53.15,-70.92,46.0,10.29
55,new norfolk,93,AU,1587179848,70,-42.78,147.06,55.99,1.99
56,rosetta,20,EG,1587179970,88,31.4,30.42,62.6,8.05
57,yellowknife,75,CA,1587179722,68,62.46,-114.35,24.8,6.93
58,cherskiy,49,RU,1587179690,91,68.75,161.3,10.63,9.82
59,rio gallegos,70,AR,1587179970,49,-51.62,-69.22,48.2,12.75
60,butaritari,82,KI,1587179970,80,3.07,172.79,82.33,14.81
61,okato,15,NZ,1587179970,59,-39.2,173.88,64.0,10.0
62,kavieng,60,PG,1587179970,71,-2.57,150.8,82.98,4.41
63,kjollefjord,100,NO,1587179970,93,70.95,27.35,34.83,25.68
64,lebu,100,CL,1587179971,94,-37.62,-73.65,60.78,3.69
65,quatre cocos,75,MU,1587179971,83,-20.21,57.76,77.0,12.75
66,cape town,55,ZA,1587179971,87,-33.93,18.42,46.4,2.24
67,klaksvik,0,FO,1587179774,86,62.23,-6.59,41.0,10.29
68,bac lieu,66,VN,1587179971,65,9.29,105.72,86.81,10.18
69,muromtsevo,99,RU,1587179971,58,56.37,75.24,53.2,13.6
70,babushkin,77,RU,1587179971,65,51.71,105.86,38.26,9.15
71,simao,10,CN,1587179972,23,22.79,100.97,80.91,7.27
72,hanford,20,US,1587179972,82,36.33,-119.65,62.6,4.7
73,chuy,2,UY,1587179972,83,-33.7,-53.46,60.62,5.37
74,gejiu,18,CN,1587179972,33,23.31,103.16,68.27,10.25
75,castro,69,BR,1587179965,67,-24.79,-50.01,51.35,3.85
76,hilo,20,US,1587179828,51,19.73,-155.09,80.6,6.93
77,thompson,90,CA,1587179905,92,55.74,-97.86,28.4,16.11
78,saint-leu,0,RE,1587179972,73,-21.15,55.28,73.4,10.29
79,bluff,47,NZ,1587179775,51,-46.6,168.33,60.01,8.99
80,san patricio,100,MX,1587179972,61,19.22,-104.7,75.92,8.93
81,saurimo,100,AO,1587179973,72,-9.66,20.39,65.59,5.14
82,ulaanbaatar,40,MN,1587179710,52,47.91,106.88,44.6,17.9
83,port elizabeth,20,ZA,1587179973,87,-33.92,25.57,60.8,4.7
84,east london,12,ZA,1587179834,84,-33.02,27.91,66.22,11.32
85,lukovetskiy,90,RU,1587179973,98,64.3,41.92,32.0,5.95
86,port augusta,19,AU,1587179745,55,-32.5,137.77,66.2,6.93
87,qaanaaq,13,GL,1587179974,80,77.48,-69.36,11.48,8.03
88,half moon bay,90,US,1587179847,81,37.46,-122.43,57.0,9.17
89,arlit,0,NE,1587179974,13,18.74,7.39,80.11,5.23
90,tessalit,0,ML,1587179974,17,20.2,1.01,81.27,6.76
91,walvis bay,0,NA,1587179974,100,-22.96,14.51,57.0,1.12
92,springbok,8,ZA,1587179974,24,-29.66,17.89,57.99,8.84
93,dukat,100,RU,1587179974,82,62.55,155.55,5.18,8.32
94,khatanga,0,RU,1587179886,92,71.97,102.5,15.76,13.6
95,vaini,20,TO,1587179975,69,-21.2,-175.2,82.4,9.17
96,katsuura,75,JP,1587179730,93,35.13,140.3,62.6,18.34
97,portalegre,84,PT,1587179975,93,39.29,-7.43,53.6,4.7
98,tutoia,100,BR,1587179975,85,-2.76,-42.27,77.09,2.66
99,kodiak,90,US,1587179975,76,57.79,-152.41,50.0,12.75
100,saldanha,8,ZA,1587179975,81,-33.01,17.94,53.6,5.82
101,minab,74,IR,1587179976,88,27.15,57.08,71.6,4.7
102,dunedin,99,NZ,1587179720,85,-45.87,170.5,55.99,3.0
103,clyde river,90,CA,1587179781,84,70.47,-68.59,8.6,17.22
104,evensk,1,RU,1587179976,88,61.95,159.23,21.33,6.11
105,chumphon,98,TH,1587179976,79,10.33,98.83,84.2,3.36
106,chokurdakh,50,RU,1587179770,90,70.63,147.92,-3.08,4.85
107,victoria,100,HK,1587179976,61,22.29,114.16,80.01,8.01
108,port alfred,55,ZA,1587179870,94,-33.59,26.89,64.0,3.0
109,takoradi,100,GH,1587179976,85,4.88,-1.76,80.89,9.6
110,mahebourg,75,MU,1587179845,83,-20.41,57.7,77.0,12.75
111,souillac,75,MU,1587179977,83,-20.52,57.52,77.0,12.75
112,guerrero negro,0,MX,1587179977,77,27.98,-114.06,61.3,16.4
113,praia da vitoria,20,PT,1587179977,87,38.73,-27.07,57.2,10.85
114,ahipara,13,NZ,1587179977,75,-35.17,173.17,67.1,10.94
115,ostrovnoy,100,RU,1587179977,98,68.05,39.51,31.59,12.8
116,inirida,84,CO,1587179977,79,3.87,-67.92,75.11,1.36
117,bengkulu,77,ID,1587179690,68,-3.8,102.27,84.81,4.85
118,petropavlovskoye,0,RU,1587179977,55,52.07,84.11,51.28,7.58
119,kyren,100,RU,1587179977,53,51.68,102.14,38.14,6.53
120,te anau,49,NZ,1587179978,56,-45.42,167.72,51.21,8.61
121,dikson,91,RU,1587179843,97,73.51,80.55,25.12,14.9
122,northam,100,GB,1587179734,91,51.03,-4.22,50.0,4.0
123,tasiilaq,73,GL,1587179733,55,65.61,-37.64,35.6,13.87
124,matagami,1,CA,1587179851,79,49.75,-77.63,21.2,4.7
125,provideniya,100,RU,1587179773,95,64.38,-173.3,26.51,20.11
126,upington,1,ZA,1587179978,19,-28.45,21.26,65.12,10.89
127,nelson bay,97,AU,1587179882,37,-32.72,152.15,71.6,6.93
128,cascais,37,PT,1587179921,81,38.7,-9.42,57.25,5.68
129,sumter,86,US,1587179739,92,28.71,-82.08,73.99,5.03
130,ebolowa,97,CM,1587179979,82,2.9,11.15,69.44,1.77
131,taoudenni,37,ML,1587179979,23,22.68,-3.98,86.99,3.58
132,aberystwyth,97,GB,1587179979,91,52.42,-4.08,42.01,3.0
133,port lincoln,39,AU,1587179788,60,-34.73,135.87,65.41,12.44
134,saint george,40,US,1587179768,26,37.1,-113.58,69.8,5.82
135,onalaska,1,US,1587179979,48,43.88,-91.24,39.2,5.82
136,miandrivazo,0,MG,1587179979,63,-19.52,45.47,72.91,4.99
137,bosaso,48,SO,1587179979,72,11.28,49.18,83.52,5.82
138,woodward,1,US,1587179979,60,36.43,-99.39,41.0,8.05
139,quimperle,20,FR,1587179979,93,47.87,-3.55,51.01,2.24
140,point pleasant,90,US,1587179980,81,40.08,-74.07,48.99,4.7
141,price,20,US,1587179980,28,39.6,-110.81,46.0,3.36
142,sogne,0,NO,1587179980,92,58.08,7.82,39.0,3.36
143,leh,92,IN,1587179848,19,34.17,77.58,35.89,3.11
144,nanortalik,100,GL,1587179716,90,60.14,-45.24,28.58,14.85
145,dangtu,100,CN,1587179980,55,31.57,118.49,61.0,13.42
146,bang saphan,75,TH,1587179980,88,11.21,99.51,80.6,4.7
147,palmer,90,US,1587179980,88,42.16,-72.33,41.0,9.17
148,pak phanang,20,TH,1587179980,75,8.35,100.2,89.6,4.7
149,conde,20,BR,1587179980,100,-7.26,-34.91,77.0,1.77
150,buraydah,58,SA,1587179981,45,26.33,43.98,66.2,6.93
151,hamilton,90,US,1587179958,87,39.18,-84.53,45.0,17.22
152,luanda,75,AO,1587179859,100,-8.84,13.23,73.4,13.87
153,dahra,86,DZ,1587179981,88,36.25,0.85,58.21,2.33
154,lodja,98,CD,1587179981,78,-3.48,23.43,70.52,1.12
155,cabo san lucas,5,MX,1587179897,72,22.89,-109.91,66.99,16.11
156,arraial do cabo,73,BR,1587179914,70,-22.97,-42.03,73.8,10.36
157,port hedland,100,AU,1587179981,35,-20.32,118.57,98.6,5.82
158,gedo,99,ET,1587179981,45,9.02,37.45,53.58,3.27
159,pevek,23,RU,1587179770,93,69.7,170.31,8.28,9.26
160,maniitsoq,100,GL,1587179982,92,65.42,-52.9,25.39,8.97
161,isangel,75,VU,1587179982,74,-19.55,169.27,84.2,5.82
162,shu,0,KZ,1587179982,44,43.6,73.76,58.21,2.46
163,kavaratti,96,IN,1587179982,68,10.57,72.64,84.72,3.78
164,praia,20,CV,1587179688,68,14.92,-23.51,71.6,13.87
165,inhambane,74,MZ,1587179947,83,-23.86,35.38,75.0,7.85
166,puerto leguizamo,99,CO,1587179982,91,-0.19,-74.78,71.08,3.83
167,hambantota,99,LK,1587179847,76,6.12,81.12,83.61,6.51
168,severo-kurilsk,8,RU,1587179783,92,50.68,156.12,32.92,12.95
169,saint-augustin,100,CA,1587179983,90,51.23,-58.65,23.63,9.22
170,namatanai,98,PG,1587179726,73,-3.67,152.43,83.17,7.63
171,bilibino,75,RU,1587179983,85,68.05,166.44,10.0,7.45
172,sitka,75,US,1587179983,81,57.05,-135.33,50.0,3.56
173,presidente epitacio,5,BR,1587179983,72,-21.76,-52.12,61.92,3.98
174,bethel,90,US,1587179983,93,41.37,-73.41,37.0,4.7
175,vostok,100,RU,1587179877,51,46.49,135.88,48.42,2.21
176,sur,0,OM,1587179754,75,22.57,59.53,79.23,6.15
177,manoel urbano,7,BR,1587179984,74,-8.84,-69.26,68.77,2.35
178,vestmanna,0,FO,1587179984,86,62.16,-7.17,41.0,6.93
179,zilupe,48,LV,1587179984,92,56.39,28.12,31.55,9.4
180,tukuran,11,PH,1587179984,46,7.86,123.58,93.2,1.83
181,codrington,100,AU,1587179783,64,-38.27,141.97,58.51,7.0
182,lahat,83,ID,1587179984,71,-3.8,103.53,84.4,1.81
183,westport,90,US,1587179934,80,41.14,-73.36,41.0,3.36
184,cherbourg,90,FR,1587179985,93,49.64,-1.61,51.01,6.93
185,ambon,40,ID,1587179985,63,-3.7,128.18,91.4,4.7
186,lompoc,90,US,1587179757,82,34.64,-120.46,55.4,6.93
187,dubti,100,ET,1587179986,59,11.74,41.09,82.96,7.56
188,batagay-alyta,44,RU,1587179986,79,67.8,130.41,3.42,12.71
189,coevorden,41,NL,1587179986,91,52.66,6.74,39.99,4.0
190,lata,0,PT,1587179701,96,40.16,-8.33,55.0,2.48
191,bandarbeyla,42,SO,1587179987,72,9.49,50.81,81.5,6.85
192,carutapera,100,BR,1587179689,90,-1.2,-46.02,76.77,6.82
193,abnub,88,EG,1587179988,72,27.27,31.15,60.8,11.41
194,kruisfontein,72,ZA,1587179988,84,-34.0,24.73,55.69,3.2
195,khasan,17,RU,1587179703,47,42.43,130.64,51.22,5.79
196,khailar,9,IN,1587179988,17,25.35,78.53,92.97,4.29
197,morant bay,20,JM,1587179693,69,17.88,-76.41,82.4,5.82
198,miles city,1,US,1587179988,45,46.41,-105.84,46.4,8.05
199,petauke,7,ZM,1587179988,68,-14.24,31.33,64.78,8.68
200,ostashkov,100,RU,1587179989,89,57.15,33.11,32.25,10.98
201,matata,4,NZ,1587179989,47,-37.88,176.75,75.99,1.01
202,constitucion,1,CL,1587179989,89,-35.33,-72.42,59.63,8.7
203,riyadh,20,SA,1587179948,72,24.69,46.72,66.2,6.93
204,mwinilunga,73,ZM,1587179989,64,-11.74,24.43,61.2,5.35
205,yongan,100,CN,1587179989,22,39.7,113.69,56.43,7.07
206,mersing,40,MY,1587179989,74,2.43,103.84,87.8,5.82
207,waipawa,1,NZ,1587179989,59,-41.41,175.52,64.4,17.22
208,talnakh,97,RU,1587179738,86,69.49,88.4,30.2,24.61
209,flinders,0,AU,1587179859,48,-34.58,150.86,72.0,1.99
210,baiyin,13,CN,1587179990,53,36.56,104.21,50.0,4.47
211,coihaique,62,CL,1587179990,66,-45.58,-72.07,53.6,2.24
212,morro bay,38,US,1587179990,82,35.37,-120.85,55.99,5.32
213,phangnga,40,TH,1587179990,79,8.45,98.53,84.2,2.24
214,robertsport,100,LR,1587179990,86,6.75,-11.37,81.0,8.93
215,salinopolis,100,BR,1587179990,88,-0.61,-47.36,77.02,5.08
216,great yarmouth,87,GB,1587179991,96,52.61,1.73,46.0,7.0
217,zaysan,73,KZ,1587179991,36,47.47,84.87,53.56,2.8
218,karratha,74,AU,1587179723,35,-20.74,116.85,92.41,4.29
219,yumen,1,CN,1587179991,21,40.28,97.2,56.79,4.94
220,jizan,9,SA,1587179991,70,17.33,42.67,84.2,3.36
221,hay river,90,CA,1587179991,96,60.82,-115.8,32.0,6.93
222,ashdod,0,IL,1587179991,87,31.82,34.65,61.0,2.24
223,lingao,100,CN,1587179992,75,19.91,109.69,78.93,5.41
224,gravdal,100,NO,1587179992,96,68.12,13.5,38.41,10.92
225,qaqortoq,85,GL,1587179758,63,60.72,-46.03,28.4,9.17
226,kieta,13,PG,1587179992,69,-6.22,155.63,84.74,2.64
227,smithers,40,CA,1587179992,58,54.78,-127.17,53.6,5.82
228,yar-sale,100,RU,1587179953,98,66.83,70.83,34.92,10.69
229,cidreira,4,BR,1587179993,87,-30.18,-50.21,64.29,2.15
230,russell,1,US,1587179993,87,32.35,-85.2,66.2,3.74
231,cervo,0,ES,1587179993,1,43.67,-7.41,45.0,5.95
232,ilulissat,100,GL,1587179993,73,69.22,-51.1,26.6,4.7
233,ndola,1,ZM,1587179993,65,-12.96,28.64,60.71,5.93
234,banda aceh,92,ID,1587179993,69,5.56,95.32,85.03,3.29
235,ust-tsilma,100,RU,1587179900,93,65.44,52.15,34.83,7.02
236,san carlos de bariloche,40,AR,1587179994,87,-41.15,-71.31,59.0,13.87
237,saskylakh,0,RU,1587179891,88,71.92,114.08,8.71,4.99
238,itoman,40,JP,1587179994,73,26.12,127.67,80.01,12.75
239,grand gaube,75,MU,1587179994,83,-20.01,57.66,77.0,12.75
240,cairns,95,AU,1587179875,70,-16.92,145.77,88.0,6.93
241,miri,75,MY,1587179821,84,4.41,114.01,87.8,3.36
242,along,87,IN,1587179994,44,28.17,94.77,79.29,1.03
243,okhotsk,100,RU,1587179994,92,59.38,143.3,22.78,5.7
244,asau,99,RO,1587179994,53,46.43,26.4,50.0,3.36
245,barrow,40,US,1587179702,85,71.29,-156.79,10.4,18.34
246,coachella,1,US,1587179994,35,33.68,-116.17,71.6,14.99
247,padang,38,ID,1587179745,62,-0.95,100.35,87.15,0.49
248,alice springs,40,AU,1587179960,29,-23.7,133.88,78.8,10.29
249,nanpiao,0,CN,1587179995,26,41.1,120.75,66.16,2.01
250,jumla,82,NP,1587179995,27,29.27,82.18,55.71,3.2
251,yashan,100,CN,1587179995,83,22.2,109.94,74.46,8.28
252,alofi,12,NU,1587179782,70,-19.06,-169.92,84.2,12.75
253,tautira,95,PF,1587179995,70,-17.73,-149.15,86.0,5.82
254,asheboro,1,US,1587179995,51,35.71,-79.81,62.6,9.17
255,aswan,60,EG,1587179996,45,24.09,32.91,64.4,6.93
256,turukhansk,71,RU,1587179996,87,65.82,87.98,39.02,10.76
257,namie,100,JP,1587179996,66,37.48,141.0,55.0,24.54
258,koumac,82,NC,1587179996,67,-20.57,164.28,80.65,2.08
259,beidao,100,CN,1587179996,33,34.57,105.89,58.98,3.58
260,manzhouli,100,CN,1587179996,24,49.6,117.43,59.14,16.67
261,chisindia,0,RO,1587179996,86,46.28,22.1,43.0,2.24
262,palmetto,1,US,1587179996,88,27.52,-82.57,75.99,3.22
263,berlevag,100,NO,1587179996,93,70.86,29.09,35.06,25.61
264,gorontalo,98,ID,1587179997,55,0.54,123.06,90.16,3.42
265,palu,59,ID,1587179793,53,-0.89,119.87,90.88,2.62
266,beringovskiy,100,RU,1587179838,97,63.05,179.32,20.68,23.11
267,gombong,0,ID,1587179997,57,-7.61,109.51,90.14,2.33
268,qasigiannguit,100,GL,1587179997,73,68.82,-51.19,26.6,4.7
269,caravelas,17,BR,1587179997,86,-17.71,-39.25,77.63,14.45
270,longyearbyen,75,SJ,1587179966,63,78.22,15.64,30.2,8.05
271,luanshya,0,ZM,1587179997,64,-13.14,28.42,61.52,6.42
272,srednekolymsk,100,RU,1587179748,92,67.45,153.68,5.32,13.04
273,honiara,90,SB,1587179998,94,-9.43,159.95,78.8,5.82
274,san policarpo,18,PH,1587179998,79,12.18,125.51,82.94,13.29
275,ligayan,93,PH,1587179998,73,4.65,119.47,83.75,6.15
276,ilo,48,PE,1587179998,77,-17.64,-71.34,70.47,5.46
277,vung tau,95,VN,1587179998,68,10.35,107.08,85.68,9.57
278,sao joao da barra,96,BR,1587179998,83,-21.64,-41.05,72.48,11.12
279,moron,0,AR,1587179796,92,-34.65,-58.62,63.0,6.17
280,itarema,75,BR,1587179769,87,-2.92,-39.92,76.08,3.09
281,worland,1,US,1587179885,52,44.02,-107.96,46.0,12.75
282,kyaikkami,92,MM,1587179999,55,16.08,97.57,85.39,3.4
283,were ilu,100,ET,1587179999,43,10.6,39.43,54.59,3.85
284,lakes entrance,84,AU,1587179970,62,-37.88,147.98,60.37,15.77
285,adrar,80,MR,1587179890,22,20.5,-10.07,83.28,10.76
286,elko,100,US,1587179999,22,41.0,-115.5,50.0,5.99
287,biltine,0,TD,1587179749,16,14.53,20.92,78.19,17.27
288,vaitape,100,PF,1587179970,67,-16.52,-151.75,83.71,3.89
289,loikaw,0,MM,1587180000,21,19.67,97.21,88.61,4.25
290,mogadishu,81,SO,1587179713,75,2.04,45.34,83.12,9.08
291,bongaree,100,AU,1587180000,48,-27.08,153.16,79.0,3.0
292,izhma,100,RU,1587180000,95,65.01,53.91,34.61,4.45
293,bontang,24,ID,1587180000,66,0.13,117.5,86.05,8.63
294,rosita,23,NI,1587180000,84,13.93,-84.4,71.37,1.45
295,nur,0,PL,1587180000,94,52.67,22.32,30.11,4.88
296,vanavara,86,RU,1587180001,87,60.34,102.28,27.73,8.23
297,kemijarvi,100,FI,1587180001,88,66.71,27.43,32.4,15.17
298,picota,66,PE,1587180001,84,-6.92,-76.33,66.54,0.94
299,taltal,14,CL,1587180001,73,-25.4,-70.48,63.93,1.99
300,los llanos de aridane,40,ES,1587179780,68,28.66,-17.92,64.4,5.82
301,seoul,1,KR,1587180001,58,37.57,126.98,62.6,6.24
302,sotouboua,100,TG,1587180001,74,8.57,0.98,76.6,3.36
303,rio grande,0,BR,1587179740,97,-32.03,-52.1,52.0,8.34
304,rocha,0,UY,1587179706,91,-34.48,-54.33,56.98,4.68
305,byron bay,40,AU,1587180001,69,-28.65,153.62,77.0,6.93
306,mwene-ditu,100,CD,1587180002,75,-7.0,23.45,66.36,2.04
307,periyapatti,40,IN,1587180002,74,10.75,77.27,80.6,5.82
308,lagoa,58,PT,1587179784,72,39.05,-27.98,60.37,11.7
309,doha,60,QA,1587179899,73,25.29,51.53,75.99,3.36
310,tynda,80,RU,1587180002,75,55.17,124.72,25.88,6.71
311,kulhudhuffushi,92,MV,1587180002,69,6.62,73.07,86.31,10.47
312,lebanon,90,US,1587180002,67,36.21,-86.29,62.01,14.99
313,salalah,40,OM,1587179772,69,17.02,54.09,78.8,3.36
314,high level,40,CA,1587180002,59,58.52,-117.14,37.4,9.17
315,airai,94,TL,1587180003,52,-8.93,125.41,73.24,4.32
316,bonavista,73,CA,1587180003,77,48.65,-53.11,28.0,7.0
317,vieques,40,PR,1587180003,88,18.43,-65.83,75.99,8.05
318,maltahohe,0,NA,1587180003,17,-24.83,16.98,61.29,5.19
319,shizunai,95,JP,1587180003,55,42.33,142.37,49.98,15.32
320,senador jose porfirio,100,BR,1587180003,96,-2.59,-51.95,72.79,4.61
321,henties bay,1,NA,1587179959,94,-22.12,14.28,57.0,9.66
322,anadyr,75,RU,1587180003,79,64.75,177.48,19.4,13.42
323,namibe,81,AO,1587179707,71,-15.2,12.15,73.78,5.99
324,lasa,93,IT,1587180003,55,46.62,10.7,46.0,1.57
325,turayf,0,SA,1587180004,81,31.67,38.66,53.6,8.05
326,bowen,90,AU,1587180004,55,-20.02,148.23,88.0,5.82
327,olinda,40,BR,1587180004,88,-8.01,-34.86,78.8,1.77
328,vila franca do campo,20,PT,1587179911,87,37.72,-25.43,55.4,4.7
329,heze,100,CN,1587180004,36,35.24,115.44,65.5,5.99
330,vao,51,NC,1587179727,69,-22.67,167.48,74.79,9.75
331,sao jose da coroa grande,78,BR,1587180004,79,-8.9,-35.15,80.37,3.56
332,laguna,20,US,1587180005,67,38.42,-121.42,57.99,9.17
333,baykit,95,RU,1587180000,80,61.67,96.37,35.06,4.0
334,jaguariaiva,20,BR,1587180005,99,-24.25,-49.71,57.99,3.0
335,estelle,90,US,1587180005,94,29.85,-90.11,73.99,8.05
336,tigil,98,RU,1587179755,95,57.8,158.67,27.54,2.26
337,tarnogskiy gorodok,100,RU,1587180005,97,60.5,43.58,29.53,3.69
338,amapa,100,BR,1587180005,94,1.0,-52.0,72.75,0.67
339,jalu,0,LY,1587180005,56,29.03,21.55,61.41,8.08
340,humaita,55,BR,1587180005,95,-7.51,-63.02,73.71,2.15
341,komsomolskiy,30,UZ,1587179981,58,40.43,71.72,60.8,2.24
342,samarai,99,PG,1587179782,70,-10.62,150.67,85.17,8.34
343,naze,75,JP,1587180006,69,28.37,129.48,73.4,8.05
344,cururupu,100,BR,1587180006,91,-1.83,-44.87,76.21,2.04
345,chapais,20,CA,1587179755,92,49.78,-74.85,15.8,3.36
346,sinnamary,94,GF,1587180006,84,5.38,-52.95,79.27,12.19
347,kijang,20,KR,1587180006,45,35.24,129.21,64.4,13.87
348,pecos,1,US,1587180006,46,31.42,-103.49,53.6,6.93
349,imphal,75,IN,1587180006,68,24.82,93.95,66.2,2.24
350,zhengjiatun,0,CN,1587180006,20,43.51,123.51,67.53,3.67
351,necochea,2,AR,1587179773,85,-38.55,-58.74,60.01,8.01
352,rosarito,75,MX,1587179948,82,32.33,-117.03,60.01,5.82
353,urengoy,100,RU,1587180007,98,65.97,78.37,36.61,17.54
354,markova,32,UA,1587179734,69,48.68,24.41,36.28,2.04
355,ulladulla,2,AU,1587180007,28,-35.35,150.47,71.6,3.36
356,vallenar,0,CL,1587179932,53,-28.57,-70.76,63.32,1.61
357,touros,20,BR,1587179780,94,-5.2,-35.46,77.0,8.28
358,meulaboh,97,ID,1587180008,71,4.14,96.13,83.88,3.13
359,tura,93,IN,1587179780,70,25.52,90.22,77.02,5.12
360,sovetskiy,100,RU,1587180008,91,61.36,63.58,36.82,6.69
361,saint-georges,98,GD,1587179750,78,12.06,-61.75,79.47,15.5
362,carnarvon,95,AU,1587180008,74,-24.87,113.63,80.6,10.29
363,sechura,6,PE,1587180008,78,-5.56,-80.82,73.65,13.09
364,bend,1,US,1587179911,9,44.06,-121.32,62.6,3.87
365,moerai,100,PF,1587180009,72,-22.43,-151.33,80.94,3.91
366,uberaba,97,BR,1587180009,74,-19.75,-47.93,67.23,3.49
367,tiznit,0,MA,1587179719,66,29.58,-9.5,55.06,0.49
368,tuatapere,34,NZ,1587180009,51,-46.13,167.68,60.01,8.99
369,otane,0,NZ,1587180009,72,-39.88,176.63,62.01,5.99
370,fort saint james,57,CA,1587180009,65,54.43,-124.25,40.77,5.21
371,vierzon,90,FR,1587180009,93,47.21,2.06,57.0,2.24
372,aranos,3,NA,1587180009,15,-24.13,19.12,67.01,3.78
373,winnemucca,1,US,1587180009,17,40.97,-117.74,51.8,4.7
374,llangefni,100,GB,1587180010,81,53.26,-4.31,50.0,10.29
375,polovinnoye,57,RU,1587180010,61,54.79,65.99,47.59,17.09
376,kudahuvadhoo,67,MV,1587180010,71,2.67,72.89,85.35,6.82
377,sabang,93,ID,1587180010,69,5.89,95.32,83.68,3.49
378,kholodnyy,100,RU,1587180010,77,62.72,147.95,3.63,12.64
379,presidencia roque saenz pena,0,AR,1587179767,49,-26.79,-60.44,57.94,4.16
380,santa fe,0,AR,1587179892,70,-31.63,-60.7,62.01,5.44
381,raver,2,IN,1587180011,17,21.25,76.03,94.14,12.41
382,baghdad,99,IQ,1587179768,45,33.34,44.4,68.0,11.41
383,qax,40,AZ,1587180011,93,41.42,46.92,46.4,2.24
384,keti bandar,0,PK,1587179935,73,24.14,67.45,81.72,10.8
385,chumikan,97,RU,1587180011,85,54.72,135.31,29.53,5.61
386,paamiut,100,GL,1587180011,93,61.99,-49.67,26.26,10.94
387,kahului,20,US,1587180011,54,20.89,-156.47,80.6,19.46
388,forio,25,IT,1587180011,73,40.73,13.86,60.01,2.04
389,progreso,5,MX,1587180011,38,21.28,-89.67,91.4,11.41
390,pavilosta,28,LV,1587180012,80,56.89,21.19,41.0,4.7
391,kontagora,100,NG,1587180012,59,10.4,5.47,81.79,3.42
392,omboue,100,GA,1587180012,88,-1.57,9.26,77.7,4.18
393,roald,4,NO,1587179743,92,62.58,6.13,34.0,5.82
394,bathsheba,40,BB,1587180012,74,13.22,-59.52,78.8,16.11
395,maldonado,0,UY,1587180012,100,-34.67,-54.92,59.0,4.7
396,nogliki,100,RU,1587180012,97,51.83,143.17,30.52,14.58
397,polican,0,AL,1587180012,57,40.61,20.1,47.88,2.46
398,pacific grove,90,US,1587179840,67,36.62,-121.92,57.2,4.7
399,duekoue,100,CI,1587180013,82,6.75,-7.35,77.72,4.47
400,avera,1,US,1587180013,77,33.19,-82.53,62.6,4.7
401,pinawa,96,CA,1587180013,60,50.15,-95.88,40.08,11.01
402,jacareacanga,65,BR,1587180013,94,-6.22,-57.75,73.06,2.39
403,tari,27,NG,1587180013,12,12.41,4.49,84.07,8.57
404,bambanglipuro,4,ID,1587180014,64,-7.95,110.28,86.27,1.57
405,tarko-sale,100,RU,1587180014,98,64.92,77.78,36.28,19.53
406,sao felix do xingu,100,BR,1587180014,92,-6.64,-51.99,70.65,1.28
407,mount gambier,90,AU,1587180014,72,-37.83,140.77,59.0,11.41
408,sicamous,100,CA,1587180014,94,50.83,-118.99,44.01,2.33
409,kamaishi,75,JP,1587180014,93,39.27,141.88,48.2,2.24
410,geraldton,58,AU,1587180014,35,-28.77,114.6,86.0,4.7
411,yuzhno-kurilsk,0,RU,1587180014,70,44.03,145.86,40.51,7.76
412,san quintin,18,MX,1587179930,72,30.48,-115.95,59.04,11.77
413,egvekinot,95,RU,1587180015,89,66.32,-179.17,12.52,17.78
414,vardo,100,NO,1587180015,97,70.37,31.11,32.49,26.04
415,ancud,90,CL,1587180015,100,-41.87,-73.82,55.4,5.82
416,djibo,26,BF,1587180015,13,14.1,-1.63,81.84,6.4
417,concordia,0,AR,1587180015,95,-31.39,-58.02,55.99,5.03
418,finschhafen,72,PG,1587180015,71,-6.6,147.87,84.45,4.94
419,malinovskiy,100,RU,1587180015,89,61.2,62.84,36.99,7.09
420,alcains,16,PT,1587180016,95,39.92,-7.46,48.0,1.01
421,revelstoke,90,CA,1587180016,93,50.98,-118.2,42.8,3.36
422,nouadhibou,0,MR,1587180016,88,20.93,-17.03,64.4,8.05
423,bondoukou,100,CI,1587180016,82,8.03,-2.8,75.79,7.61
424,corner brook,90,CA,1587179879,79,48.97,-57.95,30.2,10.29
425,kombissiri,17,BF,1587180016,49,12.07,-1.34,91.4,9.17
426,whitehorse,75,CA,1587180016,40,60.72,-135.05,51.8,8.05
427,oudtshoorn,98,ZA,1587180016,100,-33.59,22.2,51.8,3.36
428,khargupur,13,IN,1587180016,39,27.38,81.98,86.07,6.33
429,beyneu,56,KZ,1587180017,43,45.32,55.2,53.65,6.4
430,nome,90,US,1587180017,100,64.5,-165.41,35.6,10.29
431,klyuchi,0,RU,1587180017,51,52.27,79.17,55.99,5.39
432,cap malheureux,75,MU,1587180017,83,-19.98,57.61,77.0,12.75
433,zapotiltic,60,MX,1587180017,32,19.62,-103.43,67.3,3.47
434,port hardy,75,CA,1587180017,87,50.7,-127.42,48.2,9.17
435,fort nelson,20,CA,1587179722,56,58.81,-122.7,41.0,6.93
436,cabedelo,20,BR,1587180017,100,-6.98,-34.83,77.0,2.93
437,taonan,0,CN,1587180017,19,45.33,122.78,69.24,3.36
438,kuytun,99,RU,1587180017,68,54.34,101.5,37.53,9.93
439,faanui,100,PF,1587180018,67,-16.48,-151.75,82.85,3.98
440,yeppoon,0,AU,1587180018,36,-23.13,150.73,93.2,4.7
441,harnosand,0,SE,1587180018,85,62.63,17.94,34.0,10.29
442,eskisehir,79,TR,1587179925,86,39.78,30.52,39.2,4.7
443,garowe,63,SO,1587180018,65,8.41,48.48,77.9,9.66
444,vestmannaeyjar,100,IS,1587180018,84,63.44,-20.27,44.1,31.09
445,wanning,98,CN,1587180018,81,18.8,110.4,80.08,8.3
446,ternate,19,ID,1587179921,75,0.8,127.4,84.51,4.18
447,cedar lake,1,US,1587180018,100,41.36,-87.44,33.01,5.68
448,hobyo,30,SO,1587180018,75,5.35,48.53,83.16,10.69
449,vanimo,38,PG,1587180019,65,-2.67,141.3,86.16,3.09
450,sola,89,VU,1587179965,75,-13.88,167.55,82.06,9.42
451,malko tarnovo,0,BG,1587180019,87,41.98,27.53,51.01,11.41
452,acapulco,5,MX,1587180019,78,16.86,-99.89,78.8,2.39
453,ponta do sol,12,PT,1587180019,66,32.67,-17.1,55.99,6.64
454,panzhihua,22,CN,1587180019,44,26.59,101.71,72.0,4.56
455,ustye,100,RU,1587180019,92,59.63,39.74,32.2,7.63
456,warangal,84,IN,1587180019,53,18.0,79.58,86.07,12.39
457,shemonaikha,0,KZ,1587180020,58,50.63,81.91,47.64,3.31
458,tucuman,0,AR,1587179851,82,-26.82,-65.22,64.4,6.93
459,inyonga,96,TZ,1587180020,69,-6.72,32.07,63.25,3.6
460,phan thiet,98,VN,1587180020,64,10.93,108.1,86.61,8.72
461,exeter,100,GB,1587179908,92,50.72,-3.53,48.0,8.48
462,bilma,0,NE,1587180020,13,18.69,12.92,80.44,8.23
463,pemangkat,100,ID,1587180020,82,1.17,108.97,80.1,8.97
464,sindor,100,RU,1587179923,93,62.86,51.89,33.85,4.23
465,yatou,6,CN,1587180020,67,37.15,122.38,54.12,11.03
466,erzin,0,TR,1587180021,100,36.96,36.2,62.01,3.36
467,houston,90,US,1587180000,88,29.76,-95.36,75.99,10.29
468,fairbanks,90,US,1587180021,81,64.84,-147.72,45.0,2.42
469,gat,0,IL,1587180021,77,31.61,34.76,61.0,2.51
470,taunggyi,0,MM,1587180021,21,20.78,97.03,84.24,4.61
471,mumbwa,0,ZM,1587180021,55,-14.98,27.06,62.53,5.03
472,mae hong son,20,TH,1587180001,43,19.3,97.97,91.4,4.7
473,phayao,95,TH,1587180022,35,19.25,100.25,89.62,4.41
474,waingapu,93,ID,1587180022,70,-9.66,120.26,85.89,7.43
475,armidale,100,AU,1587180022,22,-30.52,151.65,65.73,5.41
476,akdepe,0,TM,1587180022,50,42.06,59.38,57.2,9.17
477,antofagasta,75,CL,1587180022,88,-23.65,-70.4,62.6,6.93
478,bairiki,40,KI,1587180022,74,1.33,172.98,87.8,6.93
479,pathein,0,MM,1587180022,39,16.78,94.73,91.04,5.55
480,calvinia,5,ZA,1587180022,22,-31.47,19.78,57.29,6.4
481,bereda,3,ES,1587180022,1,43.27,-7.54,45.0,3.85
482,broken hill,75,AU,1587179724,42,-31.95,141.43,64.4,3.36
483,damavand,20,IR,1587180023,54,35.72,52.06,55.4,4.7
484,koulikoro,88,ML,1587180023,18,14.0,-7.75,86.99,4.56
485,sergeyevka,10,KZ,1587180023,55,53.88,67.42,52.18,13.85
486,ylivieska,82,FI,1587179871,80,64.08,24.55,34.0,13.0
487,luderitz,8,NA,1587179832,87,-26.65,15.16,53.6,2.24
488,the valley,20,AI,1587180023,74,18.22,-63.06,80.6,11.41
489,baker city,1,US,1587180023,29,44.77,-117.83,51.8,9.17
490,itaqui,0,BR,1587180023,75,-29.13,-56.55,60.6,6.55
491,lilongwe,8,MW,1587180023,70,-13.97,33.79,61.72,4.32
492,vagay,77,RU,1587179924,78,57.94,69.02,49.1,9.1
493,tolmachevo,0,RU,1587180023,37,54.98,82.74,53.6,8.95
494,fez,45,MA,1587179776,100,34.04,-5.0,57.2,3.36
495,barstow,1,US,1587179780,32,34.9,-117.02,66.2,13.87
496,townsville,75,AU,1587180024,70,-19.25,146.8,86.0,10.29
497,lujan,0,AR,1587180024,66,-34.57,-59.1,57.99,1.01
498,sibolga,99,ID,1587179970,57,1.74,98.78,87.64,2.86
499,dong hoi,97,VN,1587179921,58,17.48,106.6,86.52,5.68
500,krasnoselkup,100,RU,1587180024,98,65.7,82.47,35.85,17.87
501,tilichiki,35,RU,1587180024,91,60.47,166.1,16.02,16.84
502,osorno,99,CL,1587180024,93,-40.57,-73.15,60.8,2.39
503,tevaitoa,100,PF,1587180024,64,-16.78,-151.5,83.88,2.84
504,aloleng,81,PH,1587180025,60,16.13,119.78,86.72,5.53
505,parrita,20,CR,1587180025,68,9.52,-84.32,71.6,6.93
506,tiksi,100,RU,1587179894,93,71.69,128.87,9.32,6.04
507,kajaani,90,FI,1587180025,89,64.23,27.73,32.0,12.75
508,labuhan,45,ID,1587180025,67,-6.88,112.21,87.76,3.74
509,mehamn,100,NO,1587180025,93,71.04,27.85,34.92,23.24
510,adet,57,ET,1587180025,21,11.26,37.49,62.01,1.81
511,tourlaville,90,FR,1587180025,93,49.64,-1.57,50.0,6.93
512,kawalu,54,ID,1587180025,51,-7.38,108.21,87.98,1.66
513,severnyy,12,RU,1587180026,69,50.68,36.55,35.6,8.95
514,olafsvik,100,IS,1587180026,84,64.89,-23.71,42.3,28.05
515,igunga,99,TZ,1587180026,66,-4.28,33.88,65.21,5.66
516,port-cartier,20,CA,1587180026,49,50.03,-66.87,27.0,3.36
517,pafos,0,CY,1587180026,71,34.77,32.42,57.2,9.17
518,pingzhuang,0,CN,1587180026,24,42.04,119.29,61.38,3.53
519,umm lajj,2,SA,1587179741,59,25.02,37.27,68.72,5.82
520,monterey,77,US,1587180026,79,36.25,-121.25,52.0,4.0
521,alta floresta,100,BR,1587180026,91,-9.88,-56.09,71.65,2.37
522,sabha,0,LY,1587180026,30,27.04,14.43,71.33,11.5
523,umm kaddadah,79,SD,1587180027,18,13.6,26.69,72.55,13.2
524,mufumbwe,3,ZM,1587180027,65,-13.68,24.8,61.23,4.5
525,aklavik,75,CA,1587179917,80,68.22,-135.01,33.8,5.82
526,mirnyy,100,RU,1587180027,41,62.54,113.96,19.4,17.9
527,kasongo-lunda,97,CD,1587179971,79,-6.47,16.82,71.38,1.5
528,senno,81,RU,1587180027,96,59.53,33.92,31.23,7.25
529,zaltan,1,LY,1587180027,63,32.95,11.87,67.48,8.63
530,roma,90,US,1587179979,86,43.21,-75.46,34.0,3.36
531,kapit,100,MY,1587179925,84,2.02,112.93,83.97,1.57
532,bayevo,0,RU,1587180028,64,53.28,80.77,50.45,7.38
533,santa lucia,40,ES,1587180028,72,27.91,-15.54,66.2,2.24
534,qinhuangdao,59,CN,1587179774,31,39.93,119.59,63.63,5.1
535,biella,99,IT,1587180028,59,45.59,8.09,55.0,1.41
536,warah,77,PK,1587180028,44,27.45,67.8,79.84,9.6
537,termiz,1,UZ,1587180028,63,37.22,67.28,64.4,2.24
538,santa cruz,17,BO,1587180028,53,-17.8,-63.17,71.6,8.05
539,senanga,64,ZM,1587179901,49,-16.12,23.27,69.1,4.63
540,maningrida,89,AU,1587180028,54,-12.07,134.27,87.08,4.94
541,vila velha,75,BR,1587179749,83,-20.33,-40.29,75.2,13.87
542,unai,92,BR,1587180029,76,-16.36,-46.91,70.45,3.49
543,bolobo,100,CD,1587180029,81,-2.17,16.23,72.97,2.37
544,marsh harbour,83,BS,1587180029,86,26.54,-77.06,76.42,15.86
545,jining,96,CN,1587180029,37,35.41,116.58,66.11,6.91
546,upata,88,VE,1587180029,68,8.01,-62.4,74.8,6.46
547,manta,75,EC,1587180029,78,-0.95,-80.73,80.6,3.36
548,deputatskiy,9,RU,1587180029,82,69.3,139.9,-2.02,3.06
549,bambous virieux,75,MU,1587180029,83,-20.34,57.76,77.0,12.75
550,lorengau,59,PG,1587180029,69,-2.02,147.27,84.31,3.89
551,pitimbu,20,BR,1587180029,100,-7.47,-34.81,77.0,2.35
552,maryville,20,US,1587179821,45,35.76,-83.97,64.99,18.34
553,georgiyevka,0,KZ,1587180030,62,43.04,74.71,55.4,6.71
554,atar,4,MR,1587180030,29,20.52,-13.05,69.31,4.54
555,faranah,100,GN,1587180030,67,10.04,-10.74,79.41,9.89
556,karonga,96,MW,1587180030,67,-9.93,33.93,74.52,9.57
557,corinto,1,GR,1587180030,81,37.94,22.96,50.0,4.72
558,ranong,75,TH,1587180030,74,9.97,98.63,86.0,2.24
559,mount isa,9,AU,1587179876,18,-20.73,139.5,93.2,6.93
560,qarqin,0,AF,1587180030,33,37.42,66.04,66.43,5.55
561,hermosillo,5,MX,1587180030,21,29.07,-110.97,75.99,8.68
562,maanshan,100,CN,1587180030,55,31.7,118.5,61.0,11.18
